41622,28103
ISBN1513261711,28104
ISBN0760361649,28105
ISBN1593279302,28106
ISBN1438011970,28107
ISBN1438011962,28108
ISBN1684125391,28109
ISBN151326110X,28110
ISBN1513261134,28111
ISBN1513261169,28112
NEX271827,28113
NIN891837,28114
FR561805,28115
41623,28116
40309,28117
40313,28118
40312,28119
40310,28120
40311,28121
853780,28122
853768,28123
853769,28124
5005473,28125
5005474,28126
853762,28127
21047,28128
4000025,28129
853770,28130
2432,28131
FR561804,28132
853840,28133
853841,28134
853842,28135
NIN891838,28136
40315,28138
75512,28139
SW911837,28140
30614,28141
FR561806,28142
NEX271828,28143
71022,28145
75996,28146
75230,28147
76117,28148
30407,28149
40303,28150
5005239,28151
88005,28152
71022,28154
40320,28155
75997,28156
5005251,28157
SDCC2018,28158
853790,28159
853791,28160
5005237,28161
853793,28162
30617,28163
6252770,28164
6252808,28165
6252810,28166
6252811,28167
6252812,28168
BLUE,28169
ISBN0241357527,28170
SDCC2018,28171
71022,28193
71022,28195
71022,28196
71022,28197
71022,28198
71022,28199
71022,28200
71022,28201
71022,28202
71022,28208
71022,28209
71022,28210
71022,28211
71022,28212
71022,28213
71022,28214
71022,28215
71022,28216
71022,28217
71022,28218
71022,28219
71022,28221
SDCC2018,28222
70829,28223
70830,28224
70827,28225
40314,28226
76115,28227
COMCON040,28228
76095,28229
NIN891839,28230
LJXMAS01,28231
LJXMAS02,28232
LJXMAS03,28233
SW911838,28234
853744,28235
11917,28236
30498,28237
NIN891840,28238
NEX271829,28239
FR561808,28240
FR471801,28241
FR561807,28242
853788,28244
40316,28246
71022,28247
5005665,28248
5005611,28249
CBOX,28250
SW911839,28251
JW121802,28252
9261,28253
40198,28254
5005579,28255
5005580,28256
5005581,28257
5005582,28258
5005625,28259
853798,28260
5005509,28261
5005510,28262
5005511,28263
5005512,28264
5005513,28265
5005514,28266
5005515,28267
5005516,28268
5005517,28269
5005518,28270
5005519,28271
5005520,28272
5005521,28273
5005523,28274
5005524,28275
5005525,28276
5005530,28277
5005531,28278
5005532,28279
5005533,28280
5005534,28281
5005535,28282
5005536,28283
5005537,28284
5005539,28285
41631,28286
41632,28287
5005134,28288
853810,28289
5005254,28290
5005255,28291
5005256,28292
5005257,28293
7245,28294
5004591,28295
40289,28296
45025,28299
40293,28300
853815,28301
853796,28302
853843,28305
FR561809,28306
NIN891841,28307
SW911840,28308
NEX271830,28309
40358,28312
5005168,28313
5005171,28314
5005173,28315
10268,28316
81000,28319
81001,28320
81002,28321
81003,28322
5005613,28323
5005616,28324
5005692,28325
5005693,28326
45811,28327
5005609,28329
45801,28330
75251,28331
5005359,28332
5005253,28333
66591,28334
5005444,28335
5005445,28336
CITY951809,28337
45806,28338
NIN891842,28339
76113,28340
75987,28341
853709,28342
21315,28343
5005634,28345
5005667,28346
5005668,28347
40292,28348
5005626,28349
ISBN1338137204,28351
ISBN1624146783,28352
ISBN3958437621,28353
ISBN1513261738,28354
ISBN1787018032,28355
ISBN1787018016,28356
ISBN1787018059,28357
ISBN1593279841,28358
SW911841,28359
FR561810,28360
ISBN1593279329,28361
76134,28362
76114,28363
76133,28364
76123,28365
76124,28366
76125,28367
76126,28368
76131,28369
75970,28370
75971,28371
75972,28372
75973,28373
75974,28374
75975,28375
NEX271831,28376
NIN891843,28377
NEWORLEANS,28378
21148,28379
21149,28380
21150,28381
21151,28382
21152,28383
70665,28384
70666,28385
70667,28386
70668,28387
70669,28388
70670,28389
70659,28390
70660,28391
70661,28392
70663,28393
70664,28394
70662,28395
60217,28396
60214,28397
60210,28398
60216,28399
31088,28400
31090,28401
75225,28402
75235,28403
60223,28404
42094,28405
75226,28406
70680,28407
75233,28408
75234,28409
75247,28410
75237,28411
75228,28412
75223,28413
42095,28414
5005691,28415
10893,28416
853844,28417
SHIMAO,28418
70832,28419
70833,28420
66597,28421
60218,28422
60221,28423
31091,28424
31089,28425
31086,28426
31087,28427
60222,28428
60213,28429
60212,28430
60220,28431
42090,28432
42089,28433
42091,28434
42092,28435
41365,28438
60219,28439
42096,28440
70824,28441
70825,28442
70831,28443
70822,28444
70841,28445
70836,28446
70823,28447
70835,28448
70826,28449
10895,28450
70821,28451
70828,28452
70834,28453
70820,28454
DACHSHUND ,28455
YTERRIER,28456
FBULLDOG,28457
WCORGI,28458
75229,28459
80101,28460
80102,28461
80103,28462
42093,28463
75224,28464
75894,28465
75893,28466
75892,28467
75891,28468
75890,28469
60240,28470
60239,28471
60237,28472
60236,28473
60209,28474
60208,28475
60207,28476
60206,28477
42088,28478
41369,28479
41368,28480
41367,28481
41366,28482
41364,28483
41363,28484
41361,28485
41360,28486
41359,28487
41358,28488
41357,28489
41356,28490
41355,28491
41354,28492
41163,28493
41162,28494
41161,28495
41160,28496
41159,28497
41158,28498
31094,28499
31093,28500
31092,28501
21044,28502
21043,28503
11003,28504
11002,28505
11001,28506
10908,28507
10903,28508
10902,28509
10901,28510
10900,28511
10898,28512
10897,28513
10886,28514
10885,28515
10884,28516
10883,28517
853802,28518
5005577,28519
5005404,28520
5005405,28521
5005570,28522
5005571,28523
76116,28525
FR561811,28526
SW911842,28528
CITY951810,28529
66596,28530
30535,28541
5005587,28542
6258620,28543
6258621,28544
6258622,28545
6258623,28546
6258624,28547
5005690,28548
70679,28549
30409,28550
41383,28551
NIN891844,28552
NEX271832,28553
5005753,28554
5005754,28555
76127,28556
KIDSFEST-1,28557
60215,28558
10264,28559
MCALLEN,28560
5005747,28561
4002018,28564
40348,28565
40349,28566
40354,28567
40350,28568
40351,28569
40353,28570
40359,28571
40341,28572
88006,28573
88007,28574
88008,28575
88009,28576
88010,28577
88011,28578
30528,28579
11915,28580
5005749,28581
5005750,28582
5005751,28583
5005752,28584
30620,28586
853606,28587
70840,28588
76139,28589
10269,28590
10267,28591
10266,28592
75936,28593
75252,28594
71044,28595
30361,28596
30340,28597
